<?xml version="1.0" encoding="UTF-8"?>
<metadata xml:lang="es"><Esri><CreaDate>20160927</CreaDate><CreaTime>17325000</CreaTime><ArcGISFormat>1.0</ArcGISFormat><SyncOnce>TRUE</SyncOnce><DataProperties><lineage><Process ToolSource="c:\program files (x86)\arcgis\desktop10.1\ArcToolbox\Toolboxes\Data Management Tools.tbx\CalculateField" Date="20140822" Time="123824">CalculateField MANZANA2 MANZENT "[CUT] *1000000000 + [DISTRITO] *10000000 + [AREA_C] *1000000 + [ZONA] *1000 + [MANZANA] *1" VB #</Process><Process ToolSource="c:\program files (x86)\arcgis\desktop10.3\ArcToolbox\Toolboxes\Data Management Tools.tbx\CalculateField" Date="20160927" Time="170522">CalculateField Export_Output07C CODINE11 [MANZENT] VB #</Process><Process ToolSource="c:\program files (x86)\arcgis\desktop10.3\ArcToolbox\Toolboxes\Data Management Tools.tbx\CalculateField" Date="20160928" Time="151819">CalculateField 07_Curico_poligono cute [CUT] VB #</Process><Process ToolSource="c:\program files (x86)\arcgis\desktop10.3\ArcToolbox\Toolboxes\Data Management Tools.tbx\CalculateField" Date="20160928" Time="151835">CalculateField 07_Curico_poligono len [len] VB #</Process><Process ToolSource="c:\program files (x86)\arcgis\desktop10.3\ArcToolbox\Toolboxes\Data Management Tools.tbx\CalculateField" Date="20160928" Time="151951">CalculateField 07_Curico_poligono len [SHAPE_Leng] VB #</Process><Process ToolSource="c:\program files (x86)\arcgis\desktop10.3\ArcToolbox\Toolboxes\Data Management Tools.tbx\CalculateField" Date="20160928" Time="152004">CalculateField 07_Curico_poligono are [SHAPE_Area] VB #</Process><Process ToolSource="c:\program files (x86)\arcgis\desktop10.3\ArcToolbox\Toolboxes\Data Management Tools.tbx\CalculateField" Date="20160928" Time="152032">CalculateField 07_Curico_poligono CUT [cute] VB #</Process><Process ToolSource="c:\program files (x86)\arcgis\desktop10.3\ArcToolbox\Toolboxes\Data Management Tools.tbx\CalculateField" Date="20160928" Time="152048">CalculateField 07_Curico_poligono Shape_Leng [len] VB #</Process><Process ToolSource="c:\program files (x86)\arcgis\desktop10.3\ArcToolbox\Toolboxes\Data Management Tools.tbx\CalculateField" Date="20160928" Time="152102">CalculateField 07_Curico_poligono Shape_Area [are] VB #</Process></lineage><itemProps><itemLocation><linkage Sync="TRUE">file://\\PC-ERR-CIT-05\C$\CALCULOS\New File Geodatabase.gdb</linkage><protocol Sync="TRUE">Local Area Network</protocol></itemLocation></itemProps></DataProperties></Esri></metadata>
