<?xml version="1.0" encoding="UTF-8"?>
<metadata xml:lang="es"><Esri><CreaDate>20161027</CreaDate><CreaTime>18063300</CreaTime><ArcGISFormat>1.0</ArcGISFormat><SyncOnce>TRUE</SyncOnce><DataProperties><lineage><Process ToolSource="c:\program files (x86)\arcgis\desktop10.1\ArcToolbox\Toolboxes\Data Management Tools.tbx\CalculateField" Date="20140822" Time="123921">CalculateField MANZANA2 MANZENT "[CUT] *1000000000 + [DISTRITO] *10000000 + [AREA_C] *1000000 + [ZONA] *1000 + [MANZANA] *1
" VB #</Process><Process ToolSource="c:\program files (x86)\arcgis\desktop10.3\ArcToolbox\Toolboxes\Data Management Tools.tbx\CalculateField" Date="20160603" Time="203214">CalculateField MANZANA COOD_INE11 [MANZENT] VB #</Process><Process ToolSource="c:\program files (x86)\arcgis\desktop10.3\ArcToolbox\Toolboxes\Data Management Tools.tbx\CalculateField" Date="20161027" Time="175516">CalculateField Export_Output_manz13 CUE [CUT] VB #</Process><Process ToolSource="c:\program files (x86)\arcgis\desktop10.3\ArcToolbox\Toolboxes\Data Management Tools.tbx\CalculateField" Date="20161027" Time="175536">CalculateField Export_Output_manz13 CODINE11 [COOD_INE11] VB #</Process><Process ToolSource="c:\program files (x86)\arcgis\desktop10.3\ArcToolbox\Toolboxes\Data Management Tools.tbx\CalculateField" Date="20161027" Time="175606">CalculateField Export_Output_manz13 CUT [CUE] VB #</Process><Process ToolSource="c:\program files (x86)\arcgis\desktop10.3\ArcToolbox\Toolboxes\Data Management Tools.tbx\CalculateField" Date="20161027" Time="175630">CalculateField Export_Output_manz13 LEN [SHAPE_Length] VB #</Process><Process ToolSource="c:\program files (x86)\arcgis\desktop10.3\ArcToolbox\Toolboxes\Data Management Tools.tbx\CalculateField" Date="20161027" Time="175701">CalculateField Export_Output_manz13 ARE [SHAPE_Area] VB #</Process><Process ToolSource="c:\program files (x86)\arcgis\desktop10.3\ArcToolbox\Toolboxes\Data Management Tools.tbx\CalculateField" Date="20161027" Time="180855">CalculateField 13_GranSantiago_poligono1 Shape_Leng [LEN] VB #</Process></lineage><itemProps><itemLocation><linkage Sync="TRUE">file://\\PC-ERR-CIT-05\C$\Users\javiera.cespedes\Documents\ArcGIS\Default.gdb</linkage><protocol Sync="TRUE">Local Area Network</protocol></itemLocation></itemProps></DataProperties></Esri></metadata>
