<?xml version="1.0" encoding="UTF-8"?>
<metadata xml:lang="es"><Esri><CreaDate>20160927</CreaDate><CreaTime>17325500</CreaTime><ArcGISFormat>1.0</ArcGISFormat><SyncOnce>TRUE</SyncOnce><DataProperties><lineage><Process ToolSource="c:\program files (x86)\arcgis\desktop10.1\ArcToolbox\Toolboxes\Data Management Tools.tbx\CalculateField" Date="20140822" Time="124453">CalculateField MANZANA2 MANZENT "[CUT] *1000000000 + [DISTRITO] *10000000 + [AREA_C] *1000000 + [ZONA] *1000 + [MANZANA] *1

" VB #</Process><Process ToolSource="c:\program files (x86)\arcgis\desktop10.3\ArcToolbox\Toolboxes\Data Management Tools.tbx\CalculateField" Date="20160927" Time="170655">CalculateField Export_Output05QC CODINE11 [MANZENT] VB #</Process><Process ToolSource="c:\program files (x86)\arcgis\desktop10.3\ArcToolbox\Toolboxes\Data Management Tools.tbx\CalculateField" Date="20160928" Time="114600">CalculateField 05_Quillota_Calera_poligono cute [CUT] VB #</Process><Process ToolSource="c:\program files (x86)\arcgis\desktop10.3\ArcToolbox\Toolboxes\Data Management Tools.tbx\CalculateField" Date="20160928" Time="114618">CalculateField 05_Quillota_Calera_poligono len [SHAPE_Leng] VB #</Process><Process ToolSource="c:\program files (x86)\arcgis\desktop10.3\ArcToolbox\Toolboxes\Data Management Tools.tbx\CalculateField" Date="20160928" Time="114635">CalculateField 05_Quillota_Calera_poligono are [SHAPE_Area] VB #</Process><Process ToolSource="c:\program files (x86)\arcgis\desktop10.3\ArcToolbox\Toolboxes\Data Management Tools.tbx\CalculateField" Date="20160928" Time="114709">CalculateField 05_Quillota_Calera_poligono CUT [cute] VB #</Process><Process ToolSource="c:\program files (x86)\arcgis\desktop10.3\ArcToolbox\Toolboxes\Data Management Tools.tbx\CalculateField" Date="20160928" Time="114735">CalculateField 05_Quillota_Calera_poligono Shape_Leng [len] VB #</Process><Process ToolSource="c:\program files (x86)\arcgis\desktop10.3\ArcToolbox\Toolboxes\Data Management Tools.tbx\CalculateField" Date="20160928" Time="114751">CalculateField 05_Quillota_Calera_poligono Shape_Area [are] VB #</Process></lineage><itemProps><itemLocation><linkage Sync="TRUE">file://\\PC-ERR-CIT-05\C$\CALCULOS\New File Geodatabase.gdb</linkage><protocol Sync="TRUE">Local Area Network</protocol></itemLocation></itemProps></DataProperties></Esri></metadata>
