<?xml version="1.0" encoding="UTF-8"?>
<metadata xml:lang="es"><Esri><CreaDate>20160927</CreaDate><CreaTime>17325400</CreaTime><ArcGISFormat>1.0</ArcGISFormat><SyncOnce>TRUE</SyncOnce><DataProperties><lineage><Process ToolSource="c:\program files (x86)\arcgis\desktop10.1\ArcToolbox\Toolboxes\Data Management Tools.tbx\CalculateField" Date="20140822" Time="124453">CalculateField MANZANA2 MANZENT "[CUT] *1000000000 + [DISTRITO] *10000000 + [AREA_C] *1000000 + [ZONA] *1000 + [MANZANA] *1

" VB #</Process><Process ToolSource="c:\program files (x86)\arcgis\desktop10.3\ArcToolbox\Toolboxes\Data Management Tools.tbx\CalculateField" Date="20160927" Time="170626">CalculateField Export_Output05SACSD CODINE11 [MANZENT] VB #</Process><Process ToolSource="c:\program files (x86)\arcgis\desktop10.3\ArcToolbox\Toolboxes\Data Management Tools.tbx\CalculateField" Date="20160928" Time="115354">CalculateField 05_SanAntonio_Cartagena_SantoDomingo_poligono cute [CUT] VB #</Process><Process ToolSource="c:\program files (x86)\arcgis\desktop10.3\ArcToolbox\Toolboxes\Data Management Tools.tbx\CalculateField" Date="20160928" Time="115411">CalculateField 05_SanAntonio_Cartagena_SantoDomingo_poligono len [SHAPE_Leng] VB #</Process><Process ToolSource="c:\program files (x86)\arcgis\desktop10.3\ArcToolbox\Toolboxes\Data Management Tools.tbx\CalculateField" Date="20160928" Time="115423">CalculateField 05_SanAntonio_Cartagena_SantoDomingo_poligono are [SHAPE_Area] VB #</Process><Process ToolSource="c:\program files (x86)\arcgis\desktop10.3\ArcToolbox\Toolboxes\Data Management Tools.tbx\CalculateField" Date="20160928" Time="115455">CalculateField 05_SanAntonio_Cartagena_SantoDomingo_poligono CUT [cute] VB #</Process><Process ToolSource="c:\program files (x86)\arcgis\desktop10.3\ArcToolbox\Toolboxes\Data Management Tools.tbx\CalculateField" Date="20160928" Time="115526">CalculateField 05_SanAntonio_Cartagena_SantoDomingo_poligono Shape_Leng [len] VB #</Process><Process ToolSource="c:\program files (x86)\arcgis\desktop10.3\ArcToolbox\Toolboxes\Data Management Tools.tbx\CalculateField" Date="20160928" Time="115548">CalculateField 05_SanAntonio_Cartagena_SantoDomingo_poligono Shape_Area [are] VB #</Process></lineage><itemProps><itemLocation><linkage Sync="TRUE">file://\\PC-ERR-CIT-05\C$\CALCULOS\New File Geodatabase.gdb</linkage><protocol Sync="TRUE">Local Area Network</protocol></itemLocation></itemProps></DataProperties></Esri></metadata>
