<?xml version="1.0" encoding="UTF-8"?>
<metadata xml:lang="es"><Esri><CreaDate>20161226</CreaDate><CreaTime>16033300</CreaTime><ArcGISFormat>1.0</ArcGISFormat><SyncOnce>TRUE</SyncOnce><DataProperties><lineage><Process ToolSource="c:\program files (x86)\arcgis\desktop10.1\ArcToolbox\Toolboxes\Data Management Tools.tbx\CalculateField" Date="20140822" Time="124043">CalculateField MANZANA2 MANZENT "[CUT] *1000000000 + [DISTRITO] *10000000 + [AREA_C] *1000000 + [ZONA] *1000 + [MANZANA] *1" VB #</Process><Process ToolSource="c:\program files (x86)\arcgis\desktop10.3\ArcToolbox\Toolboxes\Data Management Tools.tbx\CalculateField" Date="20151215" Time="160734">CalculateField MANZANA CODE_INE [MANZENT] VB #</Process><Process ToolSource="c:\program files (x86)\arcgis\desktop10.4\ArcToolbox\Toolboxes\Data Management Tools.tbx\CalculateField" Date="20161226" Time="160020">CalculateField vallenar CODINE11 [MANZENT] VB #</Process><Process ToolSource="c:\program files (x86)\arcgis\desktop10.4\ArcToolbox\Toolboxes\Data Management Tools.tbx\CalculateField" Date="20161226" Time="160038">CalculateField vallenar CUTI [CUT] VB #</Process><Process ToolSource="c:\program files (x86)\arcgis\desktop10.4\ArcToolbox\Toolboxes\Data Management Tools.tbx\CalculateField" Date="20161226" Time="160106">CalculateField vallenar CUT [CUTI] VB #</Process><Process ToolSource="c:\program files (x86)\arcgis\desktop10.4\ArcToolbox\Toolboxes\Data Management Tools.tbx\CalculateField" Date="20161226" Time="160532">CalculateField 03_Vallenar_poligono Shape_Leng [SHA] VB #</Process><Process ToolSource="c:\program files (x86)\arcgis\desktop10.4\ArcToolbox\Toolboxes\Data Management Tools.tbx\CalculateField" Date="20161226" Time="160548">CalculateField 03_Vallenar_poligono Shape_Area [ARE] VB #</Process></lineage><itemProps><itemLocation><linkage Sync="TRUE">file://\\PC-ERR-CIT-05\C$\Users\javiera.cespedes\Documents\ArcGIS\Default.gdb</linkage><protocol Sync="TRUE">Local Area Network</protocol></itemLocation></itemProps></DataProperties></Esri></metadata>
